Variable,Units,n,Visit_1,Visit_1_summary,Visit_2,Visit_2_summary,Fixed_Bias,Fixed_Bias_summary,Comparison_Test,Comparison_P,Effect,Effect_type,MAE,MAPE_%,Mean_diff,SD_diff,ICC3k,ICC3k_lo,ICC3k_hi,ICC3k_p,CCC,CCC_p
Pressure pain tolerance (algometer),kg/cm²,41,1.15 [0.547],median_iqr,1.09 [0.54],median_iqr,0.0606 +/- 0.322,mean_sd,paired t,0.236080266170988,0.187864121217389,paired d,0.244556910560976,20.1654815643915,0.0605650406422764,0.322387480109589,0.81921899579306,0.66,0.9,1.74937848327639e-07,0.686193174740983,2.18836974672084e-07
Water temperature,°C,49,0.35 [0.05],median_iqr,0.34 [0.08],median_iqr,0.01 [0.08],median_iqr,Wilcoxon,0.108805918846599,0.277294685990338,rank biserial,0.0515714285714286,19.3243664442885,0.0225918367346939,0.0723043101433526,0.574467640366599,0.25,0.76,0.00185631756371579,0.380353691694467,0.00660478404075683
