Predictor,VIF
Perceived Pain (VAS),1.0305032873347
Delta ET-CO2 (mmHg),1.03971501792078
Visit Number,1.01455037896273
